獲取時間,商品名稱,價錢
2021-11-21 10:18:07 PM,歐洲名牌-KIDDUS嬰幼兒太陽眼鏡 (KE729) 粉藍色,36
2021-11-21 10:18:07 PM,Combi 超純水濕紙巾20抽x3包,37
2021-11-21 10:18:07 PM,Combi 超純水濕紙巾20抽x3包,37
2021-11-21 10:18:07 PM,卡哇伊兒童玩偶背包,38
2021-11-21 10:18:07 PM,韓國 Holdzoo 長效型精油防蚊扣 (鯨魚),39
2021-11-21 10:18:07 PM,歐洲名牌-KIDDUS嬰幼兒太陽眼鏡 (KE546) 粉色,39
2021-11-21 10:18:07 PM,韓國 Holdzoo 長效型精油防蚊扣 (熊貓),39
2021-11-21 10:18:07 PM,嬰兒推車雙環掛勾,39
2021-11-21 10:18:07 PM,歐洲名牌-KIDDUS嬰幼兒太陽眼鏡 (KE729) 粉紅色,42
2021-11-21 10:18:07 PM,全罩式嬰兒車蚊帳 通用款 加大加密有效防蚊-粉,49
2021-11-21 10:18:07 PM,韓國 Holdzoo 長效型精油防蚊扣 (花朵),53
2021-11-21 10:18:07 PM,兒童印花雙肩背包,54
2021-11-21 10:18:07 PM,韓國 Holdzoo 長效型精油防蚊扣 (兔子),59
2021-11-21 10:18:07 PM,PUKU彩虹糖衣架-6入,64
2021-11-21 10:18:07 PM,卡哇伊兒童玩偶背包,66
2021-11-21 10:18:07 PM,《PUKU》提帶水杯套11.5*6.5cm-桃紅色,68
2021-11-21 10:18:07 PM,小不叮草本驅蚊彈簧圈1入-小黑蚊(全家),69
2021-11-21 10:18:07 PM,嬰兒推車360度掛勾 黑色 2入,74
2021-11-21 10:18:07 PM,PUKU水杯保護套(顏色隨機出貨),78
2021-11-21 10:18:07 PM,《PUKU》提帶水杯套16.5*6.5cm-足球,78
第2頁
2021-11-21 10:18:07 PM,《PUKU》提帶水杯套16.5*6.5cm-城市,78
2021-11-21 10:18:07 PM,《PUKU》提帶水杯套11.5*6.5cm-星球,78
2021-11-21 10:18:07 PM,《PUKU》提帶水杯套16.5*6.5cm-星球,78
2021-11-21 10:18:07 PM,《PUKU》提帶水杯套16.5*6.5cm-水色,78
2021-11-21 10:18:07 PM,《PUKU》提帶水杯套16.5*6.5cm-桃紅色,78
2021-11-21 10:18:07 PM,《PUKU》提帶水杯套11.5*6.5cm-足球,78
2021-11-21 10:18:07 PM,《PUKU》提帶水杯套11.5*6.5cm-城市,78
2021-11-21 10:18:07 PM,《PUKU》提帶水杯套16.5*6.5cm-黑色,78
2021-11-21 10:18:07 PM,《PUKU》提帶水杯套11.5*6.5cm-水色,78
2021-11-21 10:18:07 PM,《PUKU》提帶水杯套11.5*6.5cm-黑色,78
2021-11-21 10:18:07 PM,希臘Diakakis must輕量背包-風格藍,79
2021-11-21 10:18:07 PM,ZMP1 全罩式嬰兒推車蚊帳,79
2021-11-21 10:18:07 PM,【小不叮】草本驅蚊噴霧10ml(全家適用),80
2021-11-21 10:18:07 PM,【奇哥】兒童粉彩牙線棒60支,81
2021-11-21 10:18:07 PM,歐洲名牌-KIDDUS嬰幼兒太陽眼鏡 (KE507) 綠色,85
2021-11-21 10:18:07 PM,《PUKU》揹帶水杯套 (16.5*6.5cm)-黃字母,86
2021-11-21 10:18:07 PM,GIFT-蜘蛛-動物造型兒童防走失背包,86
2021-11-21 10:18:07 PM,【英國Close】Pop-in 嬰兒抗UV防曬遮頸帽-提奇猴(泳帽 泳衣),88
2021-11-21 10:18:07 PM,Combi 超純水濕紙巾80抽 (單包),89
2021-11-21 10:18:07 PM,Combi 超純水濕紙巾80抽 (單包),89
第3頁
2021-11-21 10:18:07 PM,"""SGS檢驗合格"" 韓國原裝天然長效隨身防蚊扣(款式隨機出貨)",89
2021-11-21 10:18:07 PM,【TOPMAST毛線貓】萬用折疊旅行購物袋(沉穩黑),90
2021-11-21 10:18:07 PM,【皇家竹炭】花卉香氛竹醋液30ml,90
2021-11-21 10:18:07 PM,《PUKU》揹帶水杯套 (16.5*6.5cm)-水色,96
2021-11-21 10:18:07 PM,《PUKU》揹帶水杯套 (11.5*6.5cm)-黃字母,96
2021-11-21 10:18:07 PM,《PUKU》揹帶水杯套 (16.5*6.5cm)-粉紅鹿,96
2021-11-21 10:18:07 PM,《PUKU》揹帶水杯套 (11.5*6.5cm)-桃紅色,96
2021-11-21 10:18:07 PM,《PUKU》揹帶水杯套 (11.5*6.5cm)-水色,96
2021-11-21 10:18:07 PM,《PUKU》揹帶水杯套 (11.5*6.5cm)-黑色,96
2021-11-21 10:18:07 PM,《PUKU》揹帶水杯套 (11.5*6.5cm)-藍大象,96
2021-11-21 10:18:07 PM,《PUKU》揹帶水杯套 (16.5*6.5cm)-藍大象,96
2021-11-21 10:18:07 PM,《PUKU》揹帶水杯套 (16.5*6.5cm)-黑色,96
2021-11-21 10:18:07 PM,《PUKU》揹帶水杯套 (16.5*6.5cm)-桃紅色,96
2021-11-21 10:18:07 PM,《PUKU》揹帶水杯套 (11.5*6.5cm)-粉紅鹿,96
2021-11-21 10:18:07 PM,韓版兒童卡通斜挎單肩包,98
2021-11-21 10:18:07 PM,可愛造型水霧式涼風扇-粉紅豬名伶,98
2021-11-21 10:18:07 PM,嬰兒推車雙掛鉤3入組,98
2021-11-21 10:18:07 PM,eggshell 小鹿山丘 有機精油雙效防蚊液(甜橙精油)20g,99
2021-11-21 10:18:07 PM,eggshell 小鹿山丘 天然有機精油舒緩凝露15g,99
2021-11-21 10:18:07 PM,韓國小童星韓系潮背包,99
第4頁
2021-11-21 10:18:07 PM,防水防霧高清泳鏡 男女兒童大框電鍍近視/平光泳鏡(4件組),100
2021-11-21 10:18:07 PM,毛寶兔 超水感天然植物除菌清潔劑425g,104
2021-11-21 10:18:07 PM,INTEX 熱帶風沙灘球直徑51cm(隨機出貨)(59040),107
2021-11-21 10:18:07 PM,INTEX 海底世界游泳圈直徑51cm(圖案隨機) (59230),107
2021-11-21 10:18:07 PM,【奇哥】長效型防蚊貼片-10片,108
2021-11-21 10:18:07 PM,【奇哥】長效型防蚊貼片-10片,108
2021-11-21 10:18:07 PM,KAKOO 絨毛側背包,110
2021-11-21 10:18:07 PM,百搭可愛貓咪兒童草帽,111
2021-11-21 10:18:07 PM,寶寶兒童動物卡通耳朵素色草帽子,113
2021-11-21 10:18:07 PM,新款呆萌可愛卡通双肩防水矽膠背包(鱷魚款),114
2021-11-21 10:18:07 PM,【Playgro 培高】七彩固齒環,118
2021-11-21 10:18:07 PM,Ocean Baby 手帕夾,119
2021-11-21 10:18:07 PM,OCEANBABY甜心奶嘴鍊,119
2021-11-21 10:18:07 PM,【UnMe】後背書包專用雨衣,120
2021-11-21 10:18:07 PM,【TOPMAST毛線貓】萬用折疊旅行購物袋(粉嫩紫),122
2021-11-21 10:18:07 PM,【英國Close】Pop-in 嬰兒抗UV防曬遮頸帽-查理鱷(泳帽 泳衣),122
2021-11-21 10:18:07 PM,INTEX 冰雪奇緣ELSA-臂圈(56640),123
2021-11-21 10:18:07 PM,INTEX 游泳學校POOL SCHOOL-STEP 2 游泳圈3-6歲 (58231),123
2021-11-21 10:18:07 PM,INTEX 冰雪奇緣ELSA-游泳圈51cm(56201),123
2021-11-21 10:18:07 PM,INTEX 麥坤CARS-游泳圈51cm(58260),123
第5頁
2021-11-21 10:18:08 PM,INTEX 冰雪奇緣ELSA-沙灘球51cm(58021),123
2021-11-21 10:18:08 PM,INTEX 卡通游泳圈 61cm(圖案隨機) (59242),123
2021-11-21 10:18:08 PM,INTEX 麥坤CARS-臂圈(56652),123
2021-11-21 10:18:08 PM,【皇家竹炭】克叮 小花蔓澤蘭防蚊液滾珠瓶(嬰幼兒款) 30ml,125
2021-11-21 10:18:08 PM,Cherry Coco 櫻桃可可 大臉貼飾 撞色點點 手機袋 側背包 斜背包,126
2021-11-21 10:18:08 PM,Chimon Ritz 帥氣貓兒童太陽眼鏡-黑,127
2021-11-21 10:18:08 PM,汽車護肩安全頭枕(一入)(顏色隨機),128
2021-11-21 10:18:08 PM,PUKU 彩虹糖衣架12入,128
2021-11-21 10:18:08 PM,Echain Tech 呆腦獸 QQ圈 熊掌 強效防蚊手環 隨身包10條入,129
2021-11-21 10:18:08 PM,Echain Tech 呆腦獸 QQ圈 熊掌 強效防蚊手環 隨身包10條入,129
2021-11-21 10:18:08 PM,ECHAIN TECH 呆腦獸 驅蚊彩貼 隨身包,129
2021-11-21 10:18:08 PM,ECHAIN TECH 呆腦獸 驅蚊彩貼 隨身包,129
2021-11-21 10:18:08 PM,ECHAIN TECH 呆腦獸 驅蚊貼片 隨身包,129
2021-11-21 10:18:08 PM,ECHAIN TECH 呆腦獸 驅蚊貼片 隨身包,129
2021-11-21 10:18:08 PM,擋雨神器飛碟斗篷雨衣 粉色款M號,131
2021-11-21 10:18:08 PM,INTEX 迷你手壓打氣筒Mimi Air Pump(69613),131
2021-11-21 10:18:08 PM,兒童印花雙肩背包,133
2021-11-21 10:18:08 PM,【UnMe】四方愛心筆袋／亮粉紅,135
2021-11-21 10:18:08 PM,"Diono 360 度旋轉掛鉤 , 2 入",135
2021-11-21 10:18:08 PM,【UnMe】四方愛心筆袋／亮粉藍,135
第6頁
2021-11-21 10:18:08 PM,加大加密嬰兒車蚊帳,138
2021-11-21 10:18:08 PM,【Bite Blocker 】百特長效天然驅蟲防蚊液 60ml,139
2021-11-21 10:18:08 PM,三麗鷗附鎖圈零錢包,139
2021-11-21 10:18:08 PM,【超可愛】Cherry Coco 櫻桃可可 大臉貼飾 斜背包 手拿包,143
2021-11-21 10:18:08 PM,【chicco】乾洗手凝露-綠茶萃取200ml,144
2021-11-21 10:18:08 PM,棉柔兩用揹巾口水兜-28*28cm,144
2021-11-21 10:18:08 PM,ECHAIN TECH 熊掌防蚊扣 (加送~可替換式內胆1入),145
2021-11-21 10:18:08 PM,ECHAIN TECH 熊掌防蚊扣 (加送~可替換式內膽1入),145
2021-11-21 10:18:08 PM,嬰兒推車掛鉤2入組,148
2021-11-21 10:18:08 PM,INTEX 麥坤CARS-沙灘球61cm(58053),148
2021-11-21 10:18:08 PM,月陽5點式通用型兒童推車座椅安全座椅亞麻草蓆涼蓆涼墊(Z770),149
2021-11-21 10:18:08 PM,月陽5點式通用型兒童推車座椅安全座椅亞麻草蓆涼蓆涼墊(Z770),149
2021-11-21 10:18:08 PM,【Baby House】安全吊掛鉤(2入),149
2021-11-21 10:18:08 PM,嬰兒車草蓆-大,149
2021-11-21 10:18:08 PM,Echain Tech 熊掌超人 防蚊啪啪扣 (含內膽X2),149
2021-11-21 10:18:08 PM,ECHAIN TECH 呆腦獸DINOSAURS防蚊夾,149
2021-11-21 10:18:08 PM,ECHAIN TECH 呆腦獸 防蚊夾 霸王龍款-綠 家蚊 小黑蚊 適用,149
2021-11-21 10:18:08 PM,ECHAIN TECH 呆腦獸 防蚊夾 暴龍款-藍 家蚊 小黑蚊 適用,149
2021-11-21 10:18:08 PM,ECHAIN TECH 呆腦獸 防蚊夾 霸王龍款-綠 家蚊 小黑蚊 適用,149
2021-11-21 10:18:08 PM,ECHAIN TECH 呆腦獸 防蚊夾 暴龍款-藍 家蚊 小黑蚊 適用,149
第7頁
2021-11-21 10:18:08 PM,天使光MagicAngel速效奈米抗菌噴霧,150
2021-11-21 10:18:08 PM,roshambo繽紛視界_寶寶太陽眼鏡專用綁帶,150
2021-11-21 10:18:08 PM,【Disney】迪士尼皮質橫式手機袋/萬用包/手腕袋_好朋友系列,150
2021-11-21 10:18:08 PM,【皇家竹炭】蒸餾竹醋液80ml,150
2021-11-21 10:18:08 PM,【皇家竹炭】克叮 小花蔓澤蘭防蚊液滾珠瓶(嬰幼兒款) 30ml,150
2021-11-21 10:18:08 PM,佩佩豬單層方型便當袋,152
2021-11-21 10:18:08 PM,兒童草帽批發夏季新款卷邊蝴蝶結盆帽,152
2021-11-21 10:18:08 PM,YoDa 救援小英雄POLI波力餐具收納袋-POLI,156
2021-11-21 10:18:08 PM,Chimon Ritz 帥氣貓兒童太陽眼鏡-紫,158
2021-11-21 10:18:08 PM,嬰兒推車掛包收納袋,158
2021-11-21 10:18:08 PM,PUKU 二代安全掛勾,158
2021-11-21 10:18:08 PM,ECHAIN TECH 熊掌 驅蚊手環 防蚊手環 戶外卡通可愛手環 72小時長效驅蚊-車車遊樂園,159
2021-11-21 10:18:08 PM,美國 Sassy 寶寶的大象清鼻器,159
2021-11-21 10:18:08 PM,ECHAIN TECH 熊掌 驅蚊手環 防蚊手環 戶外卡通可愛手環 72小時長效驅蚊-小喵喵抓魚,159
2021-11-21 10:18:08 PM,【Osun】炫彩條紋多功能手提保溫保冷袋一入,159
2021-11-21 10:18:08 PM,ECHAIN TECH 熊掌 驅蚊手環 防蚊手環 戶外卡通可愛手環 72小時長效驅蚊-兔兔拔蘿蔔,159
2021-11-21 10:18:08 PM,ECHAIN TECH 熊掌 驅蚊手環 防蚊手環 戶外卡通可愛手環 72小時長效驅蚊-車車遊樂園,159
2021-11-21 10:18:08 PM,ECHAIN TECH 熊掌 驅蚊手環 防蚊手環 戶外卡通可愛手環 72小時長效驅蚊-小喵喵抓魚,159
2021-11-21 10:18:08 PM,ECHAIN TECH 熊掌 驅蚊手環 防蚊手環 戶外卡通可愛手環 72小時長效驅蚊-兔兔拔蘿蔔,159
2021-11-21 10:18:08 PM,日本【大王製紙】GOO.N 戲水專用紙尿褲 游泳尿布 一包3入 M號、L號、XL號(男/女),160
第8頁
2021-11-21 10:18:08 PM,【小不叮】草本驅蚊貼片12枚(嬰幼兒適用),160
2021-11-21 10:18:08 PM,【奇哥】純棉口罩保護套-成人款2入(二款選擇),160
2021-11-21 10:18:08 PM,希臘Diakakis must輕量背包-繽紛紅,160
2021-11-21 10:18:08 PM,擋雨神器飛碟斗篷雨衣 藍色款M號,160
2021-11-21 10:18:08 PM,兒童條紋雙肩背包,161
2021-11-21 10:18:08 PM,Chimon Ritz 甜心免兒童太陽眼鏡-紅,162
2021-11-21 10:18:08 PM,【奇哥】熊熊防踢被毯夾二入(2色選擇),162
2021-11-21 10:18:08 PM,【奇哥】高效能防蚊貼-18枚,162
2021-11-21 10:18:08 PM,INTEX南洋風游泳圈-直徑91cm-3色可選(59251),162
2021-11-21 10:18:08 PM,INTEX 酷輪胎-游泳圈91cm(59252),162
2021-11-21 10:18:08 PM,INTEX 閃亮星游泳圈-顏色隨機出貨(91cm)(59256),162
2021-11-21 10:18:08 PM,【奇哥】可愛動物雙效防蚊貼 18枚,162
2021-11-21 10:18:08 PM,【WBH威必健】芬多精抗菌除臭噴霧 40ml,163
2021-11-21 10:18:08 PM,可愛造型水霧式涼風扇-藍色貓公爵,164
2021-11-21 10:18:08 PM,多功能大容量時尚親子包兩件套,164
2021-11-21 10:18:08 PM,YoDa 救援小英雄POLI波力餐具收納袋-AMBER,165
2021-11-21 10:18:08 PM,多用途魔鬼氈嬰兒推車掛勾(1組),169
2021-11-21 10:18:08 PM,美國【Charlie Banana】學習褲/泳褲(紅色楓葉M號),169
2021-11-21 10:18:08 PM,逸奇 e-kit  USB蛇管風扇_UF-2019,169
2021-11-21 10:18:08 PM,超Q兒童防走失雙肩手提背包牽引包,169
第9頁
2021-11-21 10:18:09 PM,兒童雨鞋套 防水鞋套 雨天必備,169
2021-11-21 10:18:09 PM,【New Star】棉紗嬰兒揹帶口水巾l揹帶磨牙口水巾(2條入)(嬰兒車 汽座 背包揹帶等皆可使用),170
2021-11-21 10:18:09 PM,擋雨神器飛碟斗篷雨衣 粉色款L號,173
2021-11-21 10:18:09 PM,韓版夏季新款兒童小熊卡通禮帽,174
2021-11-21 10:18:09 PM,【英國Close】Pop-in 嬰兒抗UV防曬遮頸帽-奧斯虎(泳帽 泳衣),176
2021-11-21 10:18:09 PM,潑寶 Splash About UV Swim Hat 抗UV泳帽 - 粉紅動物園,179
2021-11-21 10:18:09 PM,Disney迪士尼 Q版雙層手機觸控包/萬用袋(可掛脖),179
2021-11-21 10:18:09 PM,潑寶 Splash About - Swim Hat 抗UV泳帽-海軍藍 / 藍白條紋,179
2021-11-21 10:18:09 PM,驅驅蚊強效防蚊液 50ML,179
2021-11-21 10:18:09 PM,CMA 韓國太陽眼鏡盒-非洲動物(成人/兒童適用),179
2021-11-21 10:18:09 PM,eggshell 小鹿山丘 天然有機精油驅蚊貼片12枚,179
2021-11-21 10:18:09 PM,潑寶 Splash About UV Swim Hat 抗UV泳帽 - 國王變色龍,179
2021-11-21 10:18:09 PM,潑寶 Splash About - Swim Hat 抗UV泳帽-粉紫滿天星,179
2021-11-21 10:18:09 PM,CMA 韓國太陽眼鏡盒-趣味貓頭鷹(成人/兒童適用),179
2021-11-21 10:18:09 PM,【UnMe】素系側風筆袋/桃紅色,180
2021-11-21 10:18:09 PM,【UnMe】素系側風筆袋/深藍色,180
2021-11-21 10:18:09 PM,【New Star】棉紗嬰兒揹帶口水巾l揹帶磨牙口水巾(2條入)(嬰兒車 汽座 背包揹帶等皆可使用),180
2021-11-21 10:18:09 PM,荷蘭DOOKY 嬰兒尿布紙巾收納包 / 粉紅圈圈,180
2021-11-21 10:18:09 PM,兒童防紫外線沙灘遮陽帽,180
2021-11-21 10:18:09 PM,【UnMe】素系側風筆袋/磚紅色,180
第10頁
2021-11-21 10:18:09 PM,荷蘭DOOKY 嬰兒尿布紙巾收納包 / 瓢蟲點點,180
2021-11-21 10:18:09 PM,〔小禮堂〕史努比 尼龍吸水速乾折傘套《3款隨機.棕/綠/藍》收納袋.傘袋,180
2021-11-21 10:18:09 PM,【UnMe】素系側風筆袋/藍綠色,180
2021-11-21 10:18:09 PM,春夏新款兒童蕾絲草帽 蝴蝶結草帽,182
2021-11-21 10:18:09 PM,擋雨神器飛碟斗篷雨衣 藍色方格款L號,184
2021-11-21 10:18:09 PM,擋雨神器飛碟斗篷雨衣 黃色款M號,184
2021-11-21 10:18:09 PM,PUKU Color Hook掛勾,184
2021-11-21 10:18:09 PM,英國Close Pop-in 嬰兒防曬遮頸帽,184
2021-11-21 10:18:09 PM,【Jie Fen潔芬】抗菌防蚊液30ml(檸檬香茅),185
2021-11-21 10:18:09 PM,擋雨神器飛碟斗篷雨衣 藍色方格款S號,187
2021-11-21 10:18:09 PM,月陽通用型全罩鬆緊帶式兒童推車防蚊罩蚊帳(P508),188
2021-11-21 10:18:09 PM,三麗鷗HELLO KITTY 45周年寬口仿皮革零錢包,189
2021-11-21 10:18:09 PM,INTEX 造型游泳圈-3色圖案可選(58221),189
2021-11-21 10:18:09 PM,【Osun】魔術隱形單腰包、霹靂腰包(2入九色可選CE-158C單),189
2021-11-21 10:18:09 PM,Disney迪士尼TsumTsum旅行瓶罐盥洗化妝包 萬用包組,189
2021-11-21 10:18:09 PM,【Osun】魔術隱形單腰包、霹靂腰包(2入九色可選CE-158C單),189
2021-11-21 10:18:09 PM,ECHAIN TECH 熊掌防蚊液 (草本微涼型60ml) -PMD配方,189
2021-11-21 10:18:09 PM,INTEX幼童造型游泳圈-3色可選(59586),189
2021-11-21 10:18:09 PM,【New Star】棉紗嬰兒揹帶口水巾l揹帶磨牙口水巾(2條入)(嬰兒車 汽座 背包揹帶等皆可使用),190
2021-11-21 10:18:09 PM,鴨子公仔背包,190
